{
	"id": "1b47cd35-8dd1-4b16-adfd-5f22917a9b46",
	"name": "assignment2",
	"values": [
		{
			"key": "app_url",
			"value": "http://127.0.0.1:8080",
			"enabled": true
		},
		{
			"key": "invalid_business_id",
			"value": "1",
			"enabled": true
		},
		{
			"key": "invalid_review_id",
			"value": "1",
			"type": "default",
			"enabled": true
		},
		{
			"key": "user_id_1",
			"value": "1234",
			"type": "default",
			"enabled": true
		},
		{
			"key": "user_id_2",
			"value": "4567",
			"type": "default",
			"enabled": true
		},
		{
			"key": "invalid_user_id",
			"value": "1",
			"type": "default",
			"enabled": true
		},
		{
			"key": "owner_id_1",
			"value": "6789",
			"type": "default",
			"enabled": true
		},
		{
			"key": "owner_id_2",
			"value": "7890",
			"type": "default",
			"enabled": true
		},
		{
			"key": "invalid_owner_id",
			"value": "1",
			"type": "default",
			"enabled": true
		}
	],
	"_postman_variable_scope": "environment",
	"_postman_exported_at": "2023-09-18T02:34:40.064Z",
	"_postman_exported_using": "Postman/10.18.1"
}